Date/Time,Year,Month,Day,Time,Temp (°„C),Temp Flag,Dew Point Temp (°„C),Dew Point Temp Flag,Rel Hum (%),Rel Hum Flag,Wind Dir (10s deg),Wind Dir Flag,Wind Spd (km/h),Wind Spd Flag,Visibility (km),Visibility Flag,Stn Press (kPa),Stn Press Flag,Hmdx,Hmdx Flag,Wind Chill,Wind Chill Flag,Weather
2017-09-01 0:00,2017,9,1,0:00,13.2,,4.9,,57,,35,,11,,16.1,,101.37,,,,,,NA
2017-09-01 1:00,2017,9,1,1:00,13,,5,,58,,1,,15,,16.1,,101.39,,,,,,NA
2017-09-01 2:00,2017,9,1,2:00,12.4,,4.9,,60,,2,,15,,16.1,,101.41,,,,,,NA
2017-09-01 3:00,2017,9,1,3:00,11.8,,4.8,,62,,36,,17,,16.1,,101.43,,,,,,NA
2017-09-01 4:00,2017,9,1,4:00,11.3,,4.8,,64,,35,,18,,16.1,,101.47,,,,,,NA
2017-09-01 5:00,2017,9,1,5:00,10.9,,4.6,,65,,36,,13,,16.1,,101.48,,,,,,NA
2017-09-01 6:00,2017,9,1,6:00,11,,4.7,,65,,35,,18,,16.1,,101.5,,,,,,NA
2017-09-01 7:00,2017,9,1,7:00,11.5,,4.7,,63,,35,,15,,16.1,,101.57,,,,,,NA
2017-09-01 8:00,2017,9,1,8:00,12.8,,4.6,,57,,35,,15,,16.1,,101.59,,,,,,NA
2017-09-01 9:00,2017,9,1,9:00,13.6,,3.4,,50,,1,,11,,16.1,,101.64,,,,,,NA
2017-09-01 10:00,2017,9,1,10:00,14.6,,3.4,,47,,33,,5,,16.1,,101.6,,,,,,NA
2017-09-01 11:00,2017,9,1,11:00,15.1,,4.5,,49,,8,,5,,16.1,,101.56,,,,,,NA
2017-09-01 12:00,2017,9,1,12:00,15.6,,5.4,,50,,20,,13,,16.1,,101.5,,,,,,NA
2017-09-01 13:00,2017,9,1,13:00,15.7,,6.5,,54,,17,,13,,16.1,,101.45,,,,,,NA
2017-09-01 14:00,2017,9,1,14:00,15.2,,6.2,,55,,19,,11,,16.1,,101.45,,,,,,NA
2017-09-01 15:00,2017,9,1,15:00,15.5,,7,,57,,18,,13,,16.1,,101.4,,,,,,NA
2017-09-01 16:00,2017,9,1,16:00,16.2,,7,,54,,21,,9,,16.1,,101.35,,,,,,NA
2017-09-01 17:00,2017,9,1,17:00,15.5,,7.3,,58,,21,,11,,16.1,,101.32,,,,,,NA
2017-09-01 18:00,2017,9,1,18:00,14.9,,7.5,,61,,20,,9,,16.1,,101.29,,,,,,NA
2017-09-01 19:00,2017,9,1,19:00,14.8,,7.6,,62,,20,,5,,16.1,,101.27,,,,,,NA
2017-09-01 20:00,2017,9,1,20:00,14.4,,8.3,,67,,22,,8,,16.1,,101.33,,,,,,NA
2017-09-01 21:00,2017,9,1,21:00,15,,8.2,,63,,31,,8,,16.1,,101.34,,,,,,NA
2017-09-01 22:00,2017,9,1,22:00,14.6,,7.9,,64,,33,,5,,16.1,,101.36,,,,,,NA
2017-09-01 23:00,2017,9,1,23:00,13.8,,7.6,,66,,,,0,,16.1,,101.35,,,,,,NA
2017-09-02 0:00,2017,9,2,0:00,12.8,,8,,72,,8,,8,,16.1,,101.39,,,,,,NA
2017-09-02 1:00,2017,9,2,1:00,13,,8.2,,72,,32,,8,,16.1,,101.38,,,,,,NA
2017-09-02 2:00,2017,9,2,2:00,11.3,,8,,80,,32,,8,,16.1,,101.36,,,,,,NA
2017-09-02 3:00,2017,9,2,3:00,11.7,,7.8,,77,,34,,11,,16.1,,101.3,,,,,,NA
2017-09-02 4:00,2017,9,2,4:00,12.7,,7.9,,73,,6,,11,,16.1,,101.25,,,,,,NA
2017-09-02 5:00,2017,9,2,5:00,12.2,,9.4,,83,,5,,15,,16.1,,101.24,,,,,,NA
2017-09-02 6:00,2017,9,2,6:00,13.1,,9.9,,81,,7,,11,,16.1,,101.26,,,,,,NA
2017-09-02 7:00,2017,9,2,7:00,15.5,,6.1,,53,,13,,13,,16.1,,101.24,,,,,,NA
2017-09-02 8:00,2017,9,2,8:00,15.9,,8.1,,59,,12,,21,,16.1,,101.25,,,,,,NA
2017-09-02 9:00,2017,9,2,9:00,16.7,,9.7,,63,,12,,17,,16.1,,101.25,,,,,,NA
2017-09-02 10:00,2017,9,2,10:00,17.2,,9.7,,61,,8,,26,,16.1,,101.22,,,,,,NA
2017-09-02 11:00,2017,9,2,11:00,17.5,,9.9,,61,,8,,32,,16.1,,101.16,,,,,,NA
2017-09-02 12:00,2017,9,2,12:00,17.5,,11.1,,66,,8,,30,,16.1,,101.1,,,,,,NA
2017-09-02 13:00,2017,9,2,13:00,18.1,,9.8,,58,,8,,35,,16.1,,101,,,,,,NA
2017-09-02 14:00,2017,9,2,14:00,18.5,,11,,61,,7,,34,,16.1,,100.94,,,,,,NA
2017-09-02 15:00,2017,9,2,15:00,17.9,,11.1,,64,,7,,34,,16.1,,100.84,,,,,,NA
2017-09-02 16:00,2017,9,2,16:00,17.8,,11.6,,67,,8,,30,,16.1,,100.78,,,,,,NA
2017-09-02 17:00,2017,9,2,17:00,18,,12,,68,,8,,30,,16.1,,100.71,,,,,,NA
2017-09-02 18:00,2017,9,2,18:00,18,,12.3,,69,,9,,24,,16.1,,100.67,,,,,,NA
2017-09-02 19:00,2017,9,2,19:00,18.4,,13.1,,71,,11,,17,,16.1,,100.64,,,,,,NA
2017-09-02 20:00,2017,9,2,20:00,17.8,,11.9,,68,,18,,13,,16.1,,100.64,,,,,,NA
2017-09-02 21:00,2017,9,2,21:00,17.6,,12.7,,73,,20,,11,,16.1,,100.61,,,,,,NA
2017-09-02 22:00,2017,9,2,22:00,17.4,,12.4,,72,,18,,18,,16.1,,100.56,,,,,,NA
2017-09-02 23:00,2017,9,2,23:00,17.1,,12.3,,73,,16,,15,,16.1,,100.46,,,,,,NA
2017-09-03 0:00,2017,9,3,0:00,17,,12.8,,76,,19,,22,,16.1,,100.4,,,,,,NA
2017-09-03 1:00,2017,9,3,1:00,16.3,,13.4,,83,,18,,18,,16.1,,100.34,,,,,,NA
2017-09-03 2:00,2017,9,3,2:00,15.3,,13.7,,90,,19,,11,,4.8,,100.25,,,,,,"Rain,Fog"
2017-09-03 3:00,2017,9,3,3:00,15.2,,14.6,,96,,18,,9,,6.4,,100.17,,,,,,"Rain,Fog"
2017-09-03 4:00,2017,9,3,4:00,15.3,,14.5,,95,,18,,11,,6.4,,100.11,,,,,,"Rain,Fog"
2017-09-03 5:00,2017,9,3,5:00,15.5,,14.7,,95,,19,,11,,8.1,,100.08,,,,,,"Moderate Rain,Fog"
2017-09-03 6:00,2017,9,3,6:00,15.7,,14.9,,95,,19,,8,,16.1,,100.09,,,,,,Rain
2017-09-03 7:00,2017,9,3,7:00,16.2,,15.1,,93,,25,,18,,16.1,,100.1,,,,,,Rain
2017-09-03 8:00,2017,9,3,8:00,15.9,,14.6,,92,,27,,13,,16.1,,100.1,,,,,,NA
2017-09-03 9:00,2017,9,3,9:00,16.6,,13.6,,82,,29,,13,,16.1,,100.09,,,,,,NA
2017-09-03 10:00,2017,9,3,10:00,18.3,,14.8,,80,,23,,13,,16.1,,100.08,,,,,,NA
2017-09-03 11:00,2017,9,3,11:00,19.7,,14,,69,,26,,21,,16.1,,100.09,,,,,,NA
2017-09-03 12:00,2017,9,3,12:00,19.9,,14.2,,69,,25,,17,,16.1,,100.06,,,,,,NA
2017-09-03 13:00,2017,9,3,13:00,17.4,,14.5,,83,,24,,35,,16.1,,100.08,,,,,,"Thunderstorms,Rain"
2017-09-03 14:00,2017,9,3,14:00,20.3,,15.3,,73,,25,,17,,16.1,,100.03,,,,,,NA
2017-09-03 15:00,2017,9,3,15:00,21.2,,11.3,,53,,28,,30,,16.1,,100.03,,,,,,NA
2017-09-03 16:00,2017,9,3,16:00,20.7,,12.3,,58,,27,,26,,16.1,,100.08,,,,,,NA
2017-09-03 17:00,2017,9,3,17:00,21.7,,10.1,,47,,28,,21,,16.1,,100.11,,,,,,NA
2017-09-03 18:00,2017,9,3,18:00,20.6,,11.3,,55,,28,,24,,16.1,,100.17,,,,,,NA
2017-09-03 19:00,2017,9,3,19:00,19.2,,12.8,,66,,27,,21,,16.1,,100.21,,,,,,NA
2017-09-03 20:00,2017,9,3,20:00,18.3,,14.3,,77,,25,,13,,16.1,,100.26,,,,,,NA
2017-09-03 21:00,2017,9,3,21:00,18,,14.8,,81,,24,,15,,16.1,,100.26,,,,,,NA
2017-09-03 22:00,2017,9,3,22:00,17.4,,14,,80,,25,,13,,16.1,,100.22,,,,,,NA
2017-09-03 23:00,2017,9,3,23:00,17.2,,14.1,,82,,25,,17,,16.1,,100.2,,,,,,NA
2017-09-04 0:00,2017,9,4,0:00,16.8,,13.9,,83,,23,,13,,16.1,,100.17,,,,,,NA
2017-09-04 1:00,2017,9,4,1:00,17.1,,14.2,,83,,22,,11,,16.1,,100.13,,,,,,NA
2017-09-04 2:00,2017,9,4,2:00,17.1,,14,,82,,23,,8,,16.1,,100.12,,,,,,NA
2017-09-04 3:00,2017,9,4,3:00,17.3,,13.7,,79,,23,,21,,16.1,,100.08,,,,,,NA
2017-09-04 4:00,2017,9,4,4:00,17.2,,13.9,,81,,25,,22,,16.1,,100.06,,,,,,NA
2017-09-04 5:00,2017,9,4,5:00,17.1,,14.2,,83,,24,,21,,16.1,,100.06,,,,,,NA
2017-09-04 6:00,2017,9,4,6:00,17.5,,15.7,,89,,24,,21,,16.1,,100.02,,,,,,NA
2017-09-04 7:00,2017,9,4,7:00,18.3,,16.7,,90,,24,,17,,16.1,,100.06,,,,,,NA
2017-09-04 8:00,2017,9,4,8:00,19.6,,16.3,,81,,21,,28,,16.1,,99.96,,,,,,NA
2017-09-04 9:00,2017,9,4,9:00,20.7,,17.6,,82,,21,,24,,16.1,,99.92,,26,,,,NA
2017-09-04 10:00,2017,9,4,10:00,21.8,,17.6,,77,,21,,26,,16.1,,99.81,,28,,,,NA
2017-09-04 11:00,2017,9,4,11:00,22.5,,17.6,,74,,21,,35,,16.1,,99.66,,28,,,,NA
2017-09-04 12:00,2017,9,4,12:00,23.1,,17.1,,69,,21,,34,,16.1,,99.54,,28,,,,NA
2017-09-04 13:00,2017,9,4,13:00,23.8,,16.6,,63,,21,,37,,16.1,,99.46,,29,,,,NA
2017-09-04 14:00,2017,9,4,14:00,23.6,,17.1,,66,,21,,32,,16.1,,99.38,,29,,,,NA
2017-09-04 15:00,2017,9,4,15:00,23.1,,17.2,,69,,19,,22,,16.1,,99.24,,29,,,,NA
2017-09-04 16:00,2017,9,4,16:00,22.6,,16.3,,67,,22,,34,,16.1,,99.15,,27,,,,NA
2017-09-04 17:00,2017,9,4,17:00,22.2,,17,,72,,25,,22,,16.1,,99.2,,27,,,,NA
2017-09-04 18:00,2017,9,4,18:00,21.5,,17.2,,76,,20,,17,,16.1,,99.05,,27,,,,"Thunderstorms,Rain"
2017-09-04 19:00,2017,9,4,19:00,23.4,,17,,67,,23,,28,,16.1,,99.11,,29,,,,"Thunderstorms,Rain"
2017-09-04 20:00,2017,9,4,20:00,19.7,,18,,90,,23,,28,,16.1,,99.25,,,,,,"Thunderstorms,Rain"
2017-09-04 21:00,2017,9,4,21:00,20,,18.2,,89,,26,,22,,16.1,,99.2,,26,,,,Rain
2017-09-04 22:00,2017,9,4,22:00,20.1,,17.4,,84,,30,,21,,16.1,,99.32,,26,,,,NA
2017-09-04 23:00,2017,9,4,23:00,17.5,,13.7,,78,,31,,22,,16.1,,99.36,,,,,,NA
2017-09-05 0:00,2017,9,5,0:00,17.1,,13.5,,79,,30,,17,,16.1,,99.44,,,,,,NA
2017-09-05 1:00,2017,9,5,1:00,16.7,,13.1,,79,,29,,13,,16.1,,99.52,,,,,,NA
2017-09-05 2:00,2017,9,5,2:00,16.1,,12.9,,81,,27,,11,,16.1,,99.59,,,,,,NA
2017-09-05 3:00,2017,9,5,3:00,16.4,,13,,80,,27,,4,,16.1,,99.58,,,,,,NA
2017-09-05 4:00,2017,9,5,4:00,15.9,,12.9,,82,,27,,9,,16.1,,99.63,,,,,,NA
2017-09-05 5:00,2017,9,5,5:00,15.4,,13.3,,87,,26,,13,,16.1,,99.67,,,,,,NA
2017-09-05 6:00,2017,9,5,6:00,15.4,,13.7,,89,,27,,11,,16.1,,99.72,,,,,,NA
2017-09-05 7:00,2017,9,5,7:00,15.6,,13.6,,88,,25,,11,,16.1,,99.76,,,,,,NA
2017-09-05 8:00,2017,9,5,8:00,16.4,,13.9,,85,,26,,9,,16.1,,99.74,,,,,,NA
2017-09-05 9:00,2017,9,5,9:00,17.8,,14.5,,81,,23,,9,,16.1,,99.75,,,,,,NA
2017-09-05 10:00,2017,9,5,10:00,18.2,,14.9,,81,,19,,11,,16.1,,99.71,,,,,,NA
2017-09-05 11:00,2017,9,5,11:00,17.9,,14.6,,81,,20,,15,,16.1,,99.75,,,,,,NA
2017-09-05 12:00,2017,9,5,12:00,19.3,,14.8,,75,,19,,18,,16.1,,99.72,,,,,,NA
2017-09-05 13:00,2017,9,5,13:00,18.7,,15,,79,,18,,18,,16.1,,99.68,,,,,,NA
2017-09-05 14:00,2017,9,5,14:00,16.1,,13.9,,87,,,M,5,,16.1,,99.75,,,,,,Rain
2017-09-05 15:00,2017,9,5,15:00,18.1,,14.5,,79,,12,,5,,16.1,,99.74,,,,,,NA
2017-09-05 16:00,2017,9,5,16:00,19.1,,15.4,,79,,9,,9,,16.1,,99.73,,,,,,NA
2017-09-05 17:00,2017,9,5,17:00,18.4,,14.8,,79,,9,,8,,16.1,,99.76,,,,,,NA
2017-09-05 18:00,2017,9,5,18:00,17.9,,14.6,,81,,6,,11,,16.1,,99.81,,,,,,NA
2017-09-05 19:00,2017,9,5,19:00,17,,14.3,,84,,7,,13,,16.1,,99.86,,,,,,NA
2017-09-05 20:00,2017,9,5,20:00,16.9,,14.6,,86,,8,,5,,16.1,,99.97,,,,,,NA
2017-09-05 21:00,2017,9,5,21:00,16,,14.4,,90,,25,,8,,16.1,,100.03,,,,,,NA
2017-09-05 22:00,2017,9,5,22:00,16.8,,10.9,,68,,34,,8,,16.1,,100.04,,,,,,NA
2017-09-05 23:00,2017,9,5,23:00,15.7,,11.3,,75,,32,,9,,16.1,,100.03,,,,,,NA
2017-09-06 0:00,2017,9,6,0:00,15.1,,11.5,,79,,32,,8,,16.1,,100.08,,,,,,NA
2017-09-06 1:00,2017,9,6,1:00,14.5,,11.5,,82,,31,,9,,16.1,,100.07,,,,,,NA
2017-09-06 2:00,2017,9,6,2:00,13.8,,11.4,,85,,32,,8,,16.1,,100.09,,,,,,NA
2017-09-06 3:00,2017,9,6,3:00,13.9,,11.6,,86,,,,0,,16.1,,100.11,,,,,,NA
2017-09-06 4:00,2017,9,6,4:00,13.9,,11.3,,84,,32,,4,,16.1,,100.12,,,,,,NA
2017-09-06 5:00,2017,9,6,5:00,12.6,,11.2,,91,,,,0,,16.1,,100.16,,,,,,NA
2017-09-06 6:00,2017,9,6,6:00,12.6,,11,,90,,28,,4,,16.1,,100.19,,,,,,NA
2017-09-06 7:00,2017,9,6,7:00,14.1,,11.6,,85,,32,,8,,16.1,,100.23,,,,,,NA
2017-09-06 8:00,2017,9,6,8:00,16,,11.9,,76,,32,,5,,16.1,,100.26,,,,,,NA
2017-09-06 9:00,2017,9,6,9:00,17.6,,13,,74,,,M,4,,16.1,,100.27,,,,,,NA
2017-09-06 10:00,2017,9,6,10:00,17.9,,13.5,,75,,18,,9,,16.1,,100.29,,,,,,NA
2017-09-06 11:00,2017,9,6,11:00,18.5,,12.5,,68,,18,,11,,16.1,,100.26,,,,,,NA
2017-09-06 12:00,2017,9,6,12:00,18.7,,12,,65,,18,,11,,16.1,,100.27,,,,,,NA
2017-09-06 13:00,2017,9,6,13:00,19.3,,12.6,,65,,17,,15,,16.1,,100.25,,,,,,NA
2017-09-06 14:00,2017,9,6,14:00,19,,12.8,,67,,18,,13,,16.1,,100.22,,,,,,NA
2017-09-06 15:00,2017,9,6,15:00,19.8,,12.8,,64,,18,,11,,16.1,,100.21,,,,,,NA
2017-09-06 16:00,2017,9,6,16:00,19.2,,12.3,,64,,18,,11,,16.1,,100.18,,,,,,NA
2017-09-06 17:00,2017,9,6,17:00,19.4,,12.9,,66,,18,,9,,16.1,,100.19,,,,,,NA
2017-09-06 18:00,2017,9,6,18:00,18.6,,13.5,,72,,17,,5,,16.1,,100.2,,,,,,NA
2017-09-06 19:00,2017,9,6,19:00,18.6,,13.6,,73,,22,,15,,16.1,,100.21,,,,,,NA
2017-09-06 20:00,2017,9,6,20:00,18.5,,10.5,,59,,34,,17,,16.1,,100.22,,,,,,NA
2017-09-06 21:00,2017,9,6,21:00,17.9,,10.6,,62,,35,,9,,16.1,,100.2,,,,,,NA
2017-09-06 22:00,2017,9,6,22:00,16.7,,10.9,,68,,32,,11,,16.1,,100.19,,,,,,NA
2017-09-06 23:00,2017,9,6,23:00,15.8,,10.4,,70,,32,,15,,16.1,,100.21,,,,,,NA
2017-09-07 0:00,2017,9,7,0:00,15.8,,10.3,,69,,35,,18,,16.1,,100.16,,,,,,NA
2017-09-07 1:00,2017,9,7,1:00,15.4,,10.6,,73,,31,,13,,16.1,,100.15,,,,,,NA
2017-09-07 2:00,2017,9,7,2:00,14.4,,11.2,,81,,31,,9,,16.1,,100.13,,,,,,NA
2017-09-07 3:00,2017,9,7,3:00,13.6,,11,,84,,29,,11,,16.1,,100.12,,,,,,NA
2017-09-07 4:00,2017,9,7,4:00,13.2,,10,,81,,31,,9,,16.1,,100.12,,,,,,NA
2017-09-07 5:00,2017,9,7,5:00,12.5,,9.8,,84,,32,,8,,16.1,,100.13,,,,,,NA
2017-09-07 6:00,2017,9,7,6:00,12.7,,9.7,,82,,31,,5,,16.1,,100.14,,,,,,NA
2017-09-07 7:00,2017,9,7,7:00,13.6,,10.1,,79,,27,,11,,16.1,,100.15,,,,,,NA
2017-09-07 8:00,2017,9,7,8:00,15,,10.4,,74,,26,,11,,16.1,,100.12,,,,,,NA
2017-09-07 9:00,2017,9,7,9:00,17,,10.9,,67,,23,,21,,16.1,,100.14,,,,,,NA
2017-09-07 10:00,2017,9,7,10:00,18.3,,11.4,,64,,22,,22,,16.1,,100.13,,,,,,NA
2017-09-07 11:00,2017,9,7,11:00,17.7,,11.1,,65,,22,,28,,16.1,,100.11,,,,,,Rain
2017-09-07 12:00,2017,9,7,12:00,16.8,,12.2,,74,,22,,21,,16.1,,100.08,,,,,,Rain
2017-09-07 13:00,2017,9,7,13:00,17.2,,12.2,,72,,21,,35,,16.1,,100.06,,,,,,NA
2017-09-07 14:00,2017,9,7,14:00,17.5,,12.9,,74,,21,,30,,16.1,,100.02,,,,,,NA
2017-09-07 15:00,2017,9,7,15:00,16.6,,12,,74,,31,,15,,16.1,,100.09,,,,,,Rain
2017-09-07 16:00,2017,9,7,16:00,16.6,,11.5,,72,,31,,22,,16.1,,100.16,,,,,,NA
2017-09-07 17:00,2017,9,7,17:00,15.5,,11.3,,76,,27,,24,,16.1,,100.23,,,,,,Rain
2017-09-07 18:00,2017,9,7,18:00,15.6,,11.3,,76,,27,,22,,16.1,,100.25,,,,,,NA
2017-09-07 19:00,2017,9,7,19:00,14.9,,10.4,,74,,28,,15,,16.1,,100.32,,,,,,NA
2017-09-07 20:00,2017,9,7,20:00,14.3,,10.4,,77,,27,,11,,16.1,,100.37,,,,,,NA
2017-09-07 21:00,2017,9,7,21:00,13.9,,10.4,,79,,28,,13,,16.1,,100.4,,,,,,NA
2017-09-07 22:00,2017,9,7,22:00,13.8,,10.1,,78,,26,,21,,16.1,,100.44,,,,,,NA
2017-09-07 23:00,2017,9,7,23:00,13.4,,9.7,,78,,27,,13,,16.1,,100.49,,,,,,NA
2017-09-08 0:00,2017,9,8,0:00,13.1,,9.9,,81,,28,,15,,16.1,,100.51,,,,,,NA
2017-09-08 1:00,2017,9,8,1:00,12.9,,9.9,,82,,27,,11,,16.1,,100.54,,,,,,NA
2017-09-08 2:00,2017,9,8,2:00,13,,10,,82,,28,,11,,16.1,,100.57,,,,,,NA
2017-09-08 3:00,2017,9,8,3:00,12.8,,9.8,,82,,30,,15,,16.1,,100.63,,,,,,NA
2017-09-08 4:00,2017,9,8,4:00,12.6,,9.8,,83,,30,,13,,16.1,,100.68,,,,,,NA
2017-09-08 5:00,2017,9,8,5:00,11.9,,9.3,,84,,30,,15,,16.1,,100.73,,,,,,NA
2017-09-08 6:00,2017,9,8,6:00,12,,9.2,,83,,31,,13,,16.1,,100.81,,,,,,NA
2017-09-08 7:00,2017,9,8,7:00,12.1,,9.2,,82,,33,,11,,16.1,,100.89,,,,,,NA
2017-09-08 8:00,2017,9,8,8:00,14.1,,9.7,,75,,33,,13,,16.1,,100.94,,,,,,NA
2017-09-08 9:00,2017,9,8,9:00,14.9,,9.6,,71,,32,,11,,16.1,,101.04,,,,,,NA
2017-09-08 10:00,2017,9,8,10:00,15.8,,9.5,,66,,34,,18,,16.1,,101.08,,,,,,NA
2017-09-08 11:00,2017,9,8,11:00,17,,9.6,,62,,34,,9,,16.1,,101.1,,,,,,NA
2017-09-08 12:00,2017,9,8,12:00,17.2,,8.6,,57,,35,,17,,16.1,,101.13,,,,,,NA
2017-09-08 13:00,2017,9,8,13:00,17.4,,8.6,,56,,33,,15,,16.1,,101.18,,,,,,NA
2017-09-08 14:00,2017,9,8,14:00,17.8,,7.5,,50,,34,,15,,16.1,,101.21,,,,,,NA
2017-09-08 15:00,2017,9,8,15:00,18.9,,7.3,,47,,35,,15,,16.1,,101.22,,,,,,NA
2017-09-08 16:00,2017,9,8,16:00,17.9,,7.1,,49,,1,,22,,16.1,,101.26,,,,,,NA
2017-09-08 17:00,2017,9,8,17:00,17.3,,6.6,,49,,32,,17,,16.1,,101.33,,,,,,NA
2017-09-08 18:00,2017,9,8,18:00,16,,5.7,,50,,34,,18,,16.1,,101.39,,,,,,NA
2017-09-08 19:00,2017,9,8,19:00,14.8,,7.4,,61,,33,,15,,16.1,,101.46,,,,,,NA
2017-09-08 20:00,2017,9,8,20:00,13.9,,8,,68,,32,,13,,16.1,,101.56,,,,,,NA
2017-09-08 21:00,2017,9,8,21:00,13.1,,8,,71,,32,,15,,16.1,,101.6,,,,,,NA
2017-09-08 22:00,2017,9,8,22:00,12.8,,7.9,,72,,34,,11,,16.1,,101.66,,,,,,NA
2017-09-08 23:00,2017,9,8,23:00,13.1,,7.9,,70,,5,,5,,16.1,,101.72,,,,,,NA
2017-09-09 0:00,2017,9,9,0:00,13,,7,,67,,1,,15,,16.1,,101.77,,,,,,NA
2017-09-09 1:00,2017,9,9,1:00,12.7,,6.4,,65,,1,,11,,16.1,,101.81,,,,,,NA
2017-09-09 2:00,2017,9,9,2:00,12.3,,5.6,,63,,36,,9,,16.1,,101.85,,,,,,NA
2017-09-09 3:00,2017,9,9,3:00,11.6,,5.7,,67,,34,,8,,16.1,,101.87,,,,,,NA
2017-09-09 4:00,2017,9,9,4:00,10.8,,6,,72,,32,,9,,16.1,,101.92,,,,,,NA
2017-09-09 5:00,2017,9,9,5:00,10.4,,6,,74,,33,,15,,16.1,,101.98,,,,,,NA
2017-09-09 6:00,2017,9,9,6:00,9.4,,6.4,,81,,33,,15,,16.1,,102.06,,,,,,NA
2017-09-09 7:00,2017,9,9,7:00,10.1,,6.7,,79,,33,,13,,16.1,,102.11,,,,,,NA
2017-09-09 8:00,2017,9,9,8:00,12.7,,5.8,,63,,1,,11,,16.1,,102.13,,,,,,NA
2017-09-09 9:00,2017,9,9,9:00,13.9,,5.1,,55,,35,,21,,16.1,,102.17,,,,,,NA
2017-09-09 10:00,2017,9,9,10:00,15.1,,5.3,,52,,6,,9,,16.1,,102.19,,,,,,NA
2017-09-09 11:00,2017,9,9,11:00,15.8,,5.8,,51,,2,,17,,16.1,,102.18,,,,,,NA
2017-09-09 12:00,2017,9,9,12:00,15.7,,5.5,,50,,6,,9,,16.1,,102.16,,,,,,NA
2017-09-09 13:00,2017,9,9,13:00,16.3,,7.1,,54,,19,,17,,16.1,,102.14,,,,,,NA
2017-09-09 14:00,2017,9,9,14:00,16.3,,8.3,,59,,18,,13,,16.1,,102.09,,,,,,NA
2017-09-09 15:00,2017,9,9,15:00,16.4,,8.5,,59,,20,,13,,16.1,,102.04,,,,,,NA
2017-09-09 16:00,2017,9,9,16:00,16.4,,8.5,,59,,20,,13,,16.1,,102.03,,,,,,NA
2017-09-09 17:00,2017,9,9,17:00,16.3,,8.9,,61,,20,,9,,16.1,,102.03,,,,,,NA
2017-09-09 18:00,2017,9,9,18:00,15.3,,9,,66,,22,,8,,16.1,,102.02,,,,,,NA
2017-09-09 19:00,2017,9,9,19:00,13.9,,9.5,,75,,28,,9,,16.1,,102.05,,,,,,NA
2017-09-09 20:00,2017,9,9,20:00,14.9,,6.5,,57,,35,,15,,16.1,,102.11,,,,,,NA
2017-09-09 21:00,2017,9,9,21:00,14,,6.4,,60,,34,,21,,16.1,,102.13,,,,,,NA
2017-09-09 22:00,2017,9,9,22:00,13.4,,6.3,,62,,34,,17,,16.1,,102.13,,,,,,NA
2017-09-09 23:00,2017,9,9,23:00,13.3,,6.2,,62,,33,,17,,16.1,,102.12,,,,,,NA
2017-09-10 0:00,2017,9,10,0:00,13.1,,6.5,,64,,33,,15,,16.1,,102.13,,,,,,NA
2017-09-10 1:00,2017,9,10,1:00,12.1,,6.4,,68,,,M,4,,16.1,,102.16,,,,,,NA
2017-09-10 2:00,2017,9,10,2:00,12.2,,7.1,,71,,32,,11,,16.1,,102.15,,,,,,NA
2017-09-10 3:00,2017,9,10,3:00,11.5,,7,,74,,33,,9,,16.1,,102.19,,,,,,NA
2017-09-10 4:00,2017,9,10,4:00,10.4,,6.9,,79,,32,,5,,16.1,,102.22,,,,,,NA
2017-09-10 5:00,2017,9,10,5:00,10.7,,6.7,,76,,,,0,,16.1,,102.26,,,,,,NA
2017-09-10 6:00,2017,9,10,6:00,9.9,,6.4,,79,,,,0,,16.1,,102.32,,,,,,NA
2017-09-10 7:00,2017,9,10,7:00,11.9,,7.2,,73,,33,,8,,16.1,,102.36,,,,,,NA
2017-09-10 8:00,2017,9,10,8:00,14.7,,7.7,,62,,,,0,,16.1,,102.4,,,,,,NA
2017-09-10 9:00,2017,9,10,9:00,16.2,,6.2,,51,,,M,4,,16.1,,102.44,,,,,,NA
2017-09-10 10:00,2017,9,10,10:00,16.8,,6.5,,50,,11,,8,,16.1,,102.42,,,,,,NA
2017-09-10 11:00,2017,9,10,11:00,17.1,,6.3,,49,,10,,13,,16.1,,102.41,,,,,,NA
2017-09-10 12:00,2017,9,10,12:00,17.7,,6.3,,47,,10,,11,,16.1,,102.37,,,,,,NA
2017-09-10 13:00,2017,9,10,13:00,17.9,,7,,49,,16,,9,,16.1,,102.32,,,,,,NA
2017-09-10 14:00,2017,9,10,14:00,17.9,,7.6,,51,,18,,13,,16.1,,102.27,,,,,,NA
2017-09-10 15:00,2017,9,10,15:00,17.8,,7.3,,50,,15,,13,,16.1,,102.22,,,,,,NA
2017-09-10 16:00,2017,9,10,16:00,17.6,,7.1,,50,,14,,9,,16.1,,102.17,,,,,,NA
2017-09-10 17:00,2017,9,10,17:00,16.9,,7.4,,53,,17,,9,,16.1,,102.15,,,,,,NA
2017-09-10 18:00,2017,9,10,18:00,16.2,,7.6,,57,,19,,8,,16.1,,102.14,,,,,,NA
2017-09-10 19:00,2017,9,10,19:00,14.9,,8.6,,66,,19,,4,,3.6,,102.14,,,,,,Haze
2017-09-10 20:00,2017,9,10,20:00,14.5,,8.7,,68,,29,,5,,16.1,,102.12,,,,,,NA
2017-09-10 21:00,2017,9,10,21:00,14.3,,8.7,,69,,28,,5,,16.1,,102.15,,,,,,NA
2017-09-10 22:00,2017,9,10,22:00,14.8,,8.8,,67,,31,,4,,16.1,,102.15,,,,,,NA
2017-09-10 23:00,2017,9,10,23:00,13.7,,8.3,,70,,31,,5,,16.1,,102.15,,,,,,NA
2017-09-11 0:00,2017,9,11,0:00,12.7,,8.2,,74,,,M,4,,16.1,,102.12,,,,,,NA
2017-09-11 1:00,2017,9,11,1:00,13,,9.8,,81,,,M,4,,16.1,,102.04,,,,,,NA
2017-09-11 2:00,2017,9,11,2:00,11.9,,8.1,,77,,,,0,,16.1,,101.96,,,,,,NA
2017-09-11 3:00,2017,9,11,3:00,11.3,,8.1,,81,,,M,4,,16.1,,101.91,,,,,,NA
2017-09-11 4:00,2017,9,11,4:00,10.5,,7.9,,84,,,,0,,16.1,,101.83,,,,,,NA
2017-09-11 5:00,2017,9,11,5:00,11.3,,7.4,,77,,28,,4,,16.1,,101.85,,,,,,NA
2017-09-11 6:00,2017,9,11,6:00,11.2,,7.7,,79,,28,,8,,16.1,,101.95,,,,,,NA
2017-09-11 7:00,2017,9,11,7:00,13,,8.1,,72,,29,,5,,16.1,,102,,,,,,NA
2017-09-11 8:00,2017,9,11,8:00,15.5,,8.4,,62,,31,,5,,16.1,,102,,,,,,NA
2017-09-11 9:00,2017,9,11,9:00,17.1,,9.2,,59,,29,,8,,16.1,,101.96,,,,,,NA
2017-09-11 10:00,2017,9,11,10:00,17.6,,8.5,,55,,24,,8,,16.1,,101.9,,,,,,NA
2017-09-11 11:00,2017,9,11,11:00,18.4,,7.4,,48,,24,,5,,16.1,,101.84,,,,,,NA
2017-09-11 12:00,2017,9,11,12:00,19,,7.2,,46,,20,,8,,16.1,,101.78,,,,,,NA
2017-09-11 13:00,2017,9,11,13:00,19.3,,8.2,,48,,18,,9,,16.1,,101.71,,,,,,NA
2017-09-11 14:00,2017,9,11,14:00,20.6,,9,,47,,21,,8,,16.1,,101.61,,,,,,NA
2017-09-11 15:00,2017,9,11,15:00,21,,9.6,,48,,18,,8,,16.1,,101.55,,,,,,NA
2017-09-11 16:00,2017,9,11,16:00,20.5,,9.6,,49,,13,,9,,16.1,,101.42,,,,,,NA
2017-09-11 17:00,2017,9,11,17:00,18.9,,10.4,,57,,9,,9,,16.1,,101.37,,,,,,NA
2017-09-11 18:00,2017,9,11,18:00,18.3,,11.5,,64,,9,,5,,16.1,,101.35,,,,,,NA
2017-09-11 19:00,2017,9,11,19:00,17,,11.7,,71,,11,,4,,16.1,,101.28,,,,,,NA
2017-09-11 20:00,2017,9,11,20:00,15.9,,12.8,,82,,,,0,,16.1,,101.31,,,,,,NA
2017-09-11 21:00,2017,9,11,21:00,14.2,,12.8,,91,,16,,4,,16.1,,101.24,,,,,,NA
2017-09-11 22:00,2017,9,11,22:00,14.9,,12.6,,86,,,,0,,16.1,,101.19,,,,,,NA
2017-09-11 23:00,2017,9,11,23:00,14.7,,12.5,,87,,33,,4,,16.1,,101.17,,,,,,NA
2017-09-12 0:00,2017,9,12,0:00,14,,13.1,,94,,,,0,,16.1,,101.13,,,,,,NA
2017-09-12 1:00,2017,9,12,1:00,13.8,,13.3,,97,,,,0,,16.1,,101.05,,,,,,NA
2017-09-12 2:00,2017,9,12,2:00,13.3,,12.5,,95,,,,0,,16.1,,100.98,,,,,,NA
2017-09-12 3:00,2017,9,12,3:00,13.7,,12.4,,92,,,,0,,16.1,,100.95,,,,,,NA
2017-09-12 4:00,2017,9,12,4:00,13.8,,12.4,,91,,33,,5,,16.1,,100.94,,,,,,NA
2017-09-12 5:00,2017,9,12,5:00,13.7,,11.6,,87,,31,,5,,16.1,,100.92,,,,,,NA
2017-09-12 6:00,2017,9,12,6:00,14.3,,10.7,,79,,34,,13,,16.1,,100.92,,,,,,NA
2017-09-12 7:00,2017,9,12,7:00,15.5,,10.6,,73,,,M,4,,16.1,,100.91,,,,,,NA
2017-09-12 8:00,2017,9,12,8:00,16,,11.7,,75,,24,,8,,16.1,,100.9,,,,,,NA
2017-09-12 9:00,2017,9,12,9:00,17.5,,12,,70,,24,,8,,16.1,,100.88,,,,,,NA
2017-09-12 10:00,2017,9,12,10:00,18.5,,12.3,,67,,19,,13,,16.1,,100.84,,,,,,NA
2017-09-12 11:00,2017,9,12,11:00,18.5,,13.3,,71,,19,,15,,16.1,,100.77,,,,,,NA
2017-09-12 12:00,2017,9,12,12:00,19.5,,15,,75,,21,,13,,16.1,,100.76,,,,,,NA
2017-09-12 13:00,2017,9,12,13:00,19.1,,14.7,,76,,21,,9,,16.1,,100.69,,,,,,NA
2017-09-12 14:00,2017,9,12,14:00,19.9,,14.8,,72,,19,,9,,16.1,,100.6,,,,,,NA
2017-09-12 15:00,2017,9,12,15:00,20.6,,14.3,,67,,19,,8,,16.1,,100.53,,,,,,NA
2017-09-12 16:00,2017,9,12,16:00,21.7,,12.2,,54,,17,,5,,16.1,,100.46,,,,,,NA
2017-09-12 17:00,2017,9,12,17:00,21,,12.3,,57,,7,,5,,16.1,,100.41,,,,,,NA
2017-09-12 18:00,2017,9,12,18:00,19.8,,12.7,,63,,7,,5,,16.1,,100.38,,,,,,NA
2017-09-12 19:00,2017,9,12,19:00,17.6,,13.5,,77,,7,,8,,16.1,,100.36,,,,,,NA
2017-09-12 20:00,2017,9,12,20:00,17.4,,14,,80,,8,,8,,16.1,,100.4,,,,,,NA
2017-09-12 21:00,2017,9,12,21:00,16.7,,13.8,,83,,6,,4,,16.1,,100.36,,,,,,NA
2017-09-12 22:00,2017,9,12,22:00,17,,13.8,,81,,6,,5,,16.1,,100.33,,,,,,NA
2017-09-12 23:00,2017,9,12,23:00,15,,13.3,,89,,,,0,,16.1,,100.3,,,,,,NA
2017-09-13 0:00,2017,9,13,0:00,14.8,,13.5,,92,,12,,4,,16.1,,100.3,,,,,,NA
2017-09-13 1:00,2017,9,13,1:00,15.4,,11.8,,79,,,,0,,16.1,,100.29,,,,,,NA
2017-09-13 2:00,2017,9,13,2:00,14,,12.4,,90,,,,0,,16.1,,100.26,,,,,,NA
2017-09-13 3:00,2017,9,13,3:00,14.3,,12.5,,89,,,,0,,16.1,,100.23,,,,,,NA
2017-09-13 4:00,2017,9,13,4:00,13.7,,12.8,,94,,,,0,,16.1,,100.22,,,,,,NA
2017-09-13 5:00,2017,9,13,5:00,14.2,,12.9,,92,,,M,4,,16.1,,100.22,,,,,,NA
2017-09-13 6:00,2017,9,13,6:00,12.9,,11.7,,92,,,,0,,16.1,,100.23,,,,,,NA
2017-09-13 7:00,2017,9,13,7:00,16.9,,14.6,,86,,6,,11,,16.1,,100.25,,,,,,NA
2017-09-13 8:00,2017,9,13,8:00,17,,13.3,,78,,9,,9,,16.1,,100.26,,,,,,NA
2017-09-13 9:00,2017,9,13,9:00,18.3,,15.3,,82,,7,,11,,16.1,,100.25,,,,,,NA
2017-09-13 10:00,2017,9,13,10:00,18.4,,16.3,,87,,9,,8,,16.1,,100.21,,,,,,NA
2017-09-13 11:00,2017,9,13,11:00,20,,16.1,,78,,8,,15,,16.1,,100.17,,25,,,,NA
2017-09-13 12:00,2017,9,13,12:00,20.4,,16.1,,76,,8,,15,,16.1,,100.11,,25,,,,NA
2017-09-13 13:00,2017,9,13,13:00,20.4,,16.8,,79,,9,,15,,16.1,,100.05,,26,,,,NA
2017-09-13 14:00,2017,9,13,14:00,20.6,,17.2,,81,,8,,17,,16.1,,100.03,,26,,,,NA
2017-09-13 15:00,2017,9,13,15:00,20.5,,16.8,,79,,8,,17,,14.5,,99.97,,26,,,,NA
2017-09-13 16:00,2017,9,13,16:00,20.4,,17.2,,82,,9,,17,,16.1,,99.93,,26,,,,NA
2017-09-13 17:00,2017,9,13,17:00,19.9,,16.8,,82,,8,,15,,16.1,,99.94,,,,,,NA
2017-09-13 18:00,2017,9,13,18:00,19,,17.2,,89,,7,,15,,16.1,,99.93,,,,,,NA
2017-09-13 19:00,2017,9,13,19:00,18.5,,17.2,,92,,7,,15,,16.1,,99.96,,,,,,NA
2017-09-13 20:00,2017,9,13,20:00,18.1,,17,,93,,6,,8,,16.1,,100,,,,,,NA
2017-09-13 21:00,2017,9,13,21:00,18.4,,17.1,,92,,8,,5,,16.1,,100,,,,,,NA
2017-09-13 22:00,2017,9,13,22:00,18.1,,16.3,,89,,,M,4,,16.1,,100.02,,,,,,NA
2017-09-13 23:00,2017,9,13,23:00,17.7,,15.2,,85,,6,,4,,16.1,,99.99,,,,,,NA
2017-09-14 0:00,2017,9,14,0:00,17.3,,14.8,,85,,25,,4,,16.1,,99.96,,,,,,NA
2017-09-14 1:00,2017,9,14,1:00,17.2,,15.4,,89,,27,,4,,16.1,,99.98,,,,,,NA
2017-09-14 2:00,2017,9,14,2:00,17.4,,16.3,,93,,19,,4,,16.1,,100,,,,,,NA
2017-09-14 3:00,2017,9,14,3:00,17.3,,16,,92,,,,0,,16.1,,100,,,,,,NA
2017-09-14 4:00,2017,9,14,4:00,17.8,,16.5,,92,,29,,5,,16.1,,100.02,,,,,,NA
2017-09-14 5:00,2017,9,14,5:00,16.7,,15.7,,94,,,M,4,,16.1,,100.04,,,,,,NA
2017-09-14 6:00,2017,9,14,6:00,17.1,,16,,93,,,,0,,16.1,,100.1,,,,,,NA
2017-09-14 7:00,2017,9,14,7:00,18.6,,15.7,,83,,30,,9,,16.1,,100.13,,,,,,NA
2017-09-14 8:00,2017,9,14,8:00,19.6,,16.6,,83,,25,,9,,16.1,,100.16,,,,,,NA
2017-09-14 9:00,2017,9,14,9:00,19.6,,16.9,,84,,20,,9,,16.1,,100.21,,,,,,NA
2017-09-14 10:00,2017,9,14,10:00,20.3,,17.3,,83,,19,,17,,16.1,,100.22,,26,,,,NA
2017-09-14 11:00,2017,9,14,11:00,20.9,,18.1,,84,,22,,13,,16.1,,100.21,,27,,,,NA
2017-09-14 12:00,2017,9,14,12:00,21.7,,18.1,,80,,17,,15,,16.1,,100.19,,28,,,,NA
2017-09-14 13:00,2017,9,14,13:00,22.9,,18.5,,76,,17,,15,,16.1,,100.19,,29,,,,NA
2017-09-14 14:00,2017,9,14,14:00,23.3,,18.1,,72,,18,,15,,16.1,,100.17,,29,,,,NA
2017-09-14 15:00,2017,9,14,15:00,23.6,,17.9,,70,,18,,17,,16.1,,100.16,,30,,,,NA
2017-09-14 16:00,2017,9,14,16:00,22.3,,17.7,,75,,18,,15,,16.1,,100.14,,28,,,,NA
2017-09-14 17:00,2017,9,14,17:00,22.1,,17.8,,76,,22,,9,,16.1,,100.17,,28,,,,NA
2017-09-14 18:00,2017,9,14,18:00,21.6,,17.9,,79,,23,,9,,16.1,,100.23,,28,,,,NA
2017-09-14 19:00,2017,9,14,19:00,21,,17.9,,82,,24,,4,,16.1,,100.28,,27,,,,NA
2017-09-14 20:00,2017,9,14,20:00,22,,17.7,,76,,,M,4,,16.1,,100.37,,28,,,,NA
2017-09-14 21:00,2017,9,14,21:00,23.9,,16.8,,64,,32,,13,,16.1,,100.4,,29,,,,NA
2017-09-14 22:00,2017,9,14,22:00,23.2,,16.1,,64,,33,,11,,16.1,,100.47,,28,,,,NA
2017-09-14 23:00,2017,9,14,23:00,22.4,,16.8,,70,,32,,11,,16.1,,100.51,,28,,,,NA
2017-09-15 0:00,2017,9,15,0:00,21.5,,17.2,,76,,32,,5,,16.1,,100.56,,27,,,,NA
2017-09-15 1:00,2017,9,15,1:00,19.5,,17.5,,88,,25,,9,,16.1,,100.61,,,,,,NA
2017-09-15 2:00,2017,9,15,2:00,20.2,,16.7,,80,,30,,9,,16.1,,100.62,,25,,,,NA
2017-09-15 3:00,2017,9,15,3:00,19.9,,16.6,,81,,31,,5,,16.1,,100.63,,,,,,NA
2017-09-15 4:00,2017,9,15,4:00,19.4,,16.7,,84,,30,,9,,16.1,,100.68,,,,,,NA
2017-09-15 5:00,2017,9,15,5:00,19.2,,16.5,,84,,30,,9,,16.1,,100.73,,,,,,NA
2017-09-15 6:00,2017,9,15,6:00,19.1,,16.4,,84,,32,,9,,16.1,,100.83,,,,,,NA
2017-09-15 7:00,2017,9,15,7:00,19.3,,16.6,,84,,30,,8,,16.1,,100.87,,,,,,NA
2017-09-15 8:00,2017,9,15,8:00,20.9,,16.6,,76,,29,,5,,16.1,,100.94,,26,,,,NA
2017-09-15 9:00,2017,9,15,9:00,20.8,,17.2,,80,,24,,13,,16.1,,101,,26,,,,NA
2017-09-15 10:00,2017,9,15,10:00,20.4,,17.8,,85,,22,,13,,16.1,,101,,26,,,,NA
2017-09-15 11:00,2017,9,15,11:00,20.8,,17.8,,83,,21,,13,,16.1,,101.01,,27,,,,NA
2017-09-15 12:00,2017,9,15,12:00,21.8,,17.7,,77,,18,,9,,16.1,,101,,28,,,,NA
2017-09-15 13:00,2017,9,15,13:00,22,,17.3,,74,,19,,11,,16.1,,100.98,,27,,,,NA
2017-09-15 14:00,2017,9,15,14:00,22.7,,16.9,,69,,19,,11,,16.1,,100.97,,28,,,,NA
2017-09-15 15:00,2017,9,15,15:00,24.1,,16.2,,61,,18,,9,,16.1,,100.95,,29,,,,NA
2017-09-15 16:00,2017,9,15,16:00,24,,16.7,,63,,16,,8,,16.1,,100.94,,29,,,,NA
2017-09-15 17:00,2017,9,15,17:00,23,,16.9,,68,,10,,4,,16.1,,100.96,,28,,,,NA
2017-09-15 18:00,2017,9,15,18:00,21.6,,17.3,,76,,7,,5,,16.1,,100.98,,27,,,,NA
2017-09-15 19:00,2017,9,15,19:00,21.4,,17.2,,77,,,,0,,16.1,,101.02,,27,,,,NA
2017-09-15 20:00,2017,9,15,20:00,20.4,,17.3,,82,,,,0,,16.1,,101.06,,26,,,,NA
2017-09-15 21:00,2017,9,15,21:00,20.6,,18,,85,,,,0,,16.1,,101.08,,27,,,,NA
2017-09-15 22:00,2017,9,15,22:00,20,,18,,88,,26,,5,,16.1,,101.12,,26,,,,NA
2017-09-15 23:00,2017,9,15,23:00,19.3,,18,,92,,21,,5,,16.1,,101.14,,,,,,NA
2017-09-16 0:00,2017,9,16,0:00,18.9,,17.9,,94,,19,,11,,11.3,,101.14,,,,,,NA
2017-09-16 1:00,2017,9,16,1:00,19.1,,18,,93,,28,,5,,16.1,,101.15,,,,,,NA
2017-09-16 2:00,2017,9,16,2:00,18.3,,16.3,,88,,,M,4,,16.1,,101.17,,,,,,NA
2017-09-16 3:00,2017,9,16,3:00,17.7,,16.6,,93,,,M,4,,12.9,,101.17,,,,,,NA
2017-09-16 4:00,2017,9,16,4:00,17.6,,16.5,,93,,28,,4,,16.1,,101.2,,,,,,NA
2017-09-16 5:00,2017,9,16,5:00,16.9,,16.3,,96,,,,0,,12.9,,101.23,,,,,,NA
2017-09-16 6:00,2017,9,16,6:00,16.6,,16.1,,97,,,,0,,6.4,,101.25,,,,,,Fog
2017-09-16 7:00,2017,9,16,7:00,17.4,,16.8,,96,,24,,4,,16.1,,101.28,,,,,,NA
2017-09-16 8:00,2017,9,16,8:00,19.7,,16.7,,83,,24,,5,,16.1,,101.33,,,,,,NA
2017-09-16 9:00,2017,9,16,9:00,21.4,,16,,71,,27,,8,,16.1,,101.35,,26,,,,NA
2017-09-16 10:00,2017,9,16,10:00,21.8,,16.9,,73,,20,,5,,16.1,,101.36,,27,,,,NA
2017-09-16 11:00,2017,9,16,11:00,22.7,,16.3,,67,,18,,8,,16.1,,101.33,,28,,,,NA
2017-09-16 12:00,2017,9,16,12:00,23.5,,16.3,,64,,17,,8,,16.1,,101.31,,28,,,,NA
2017-09-16 13:00,2017,9,16,13:00,22.6,,16.6,,69,,17,,11,,16.1,,101.28,,28,,,,NA
2017-09-16 14:00,2017,9,16,14:00,23.5,,15,,59,,18,,9,,14.5,,101.25,,27,,,,NA
2017-09-16 15:00,2017,9,16,15:00,24.5,,14.9,,54,,15,,8,,16.1,,101.21,,28,,,,NA
2017-09-16 16:00,2017,9,16,16:00,23.9,,14.7,,56,,13,,8,,16.1,,,M,28,,,,NA
2017-09-16 17:00,2017,9,16,17:00,,M,,M,66,,,M,4,,,M,,M,,,,,NA
2017-09-16 18:00,2017,9,16,18:00,21.7,,15.9,,69,,7,,5,,16.1,,101.12,,26,,,,NA
2017-09-16 19:00,2017,9,16,19:00,20.6,,17.5,,82,,6,,9,,16.1,,101.12,,26,,,,NA
2017-09-16 20:00,2017,9,16,20:00,20.8,,17.3,,80,,4,,8,,16.1,,101.17,,26,,,,NA
2017-09-16 21:00,2017,9,16,21:00,20,,17.4,,85,,8,,9,,16.1,,101.17,,26,,,,NA
2017-09-16 22:00,2017,9,16,22:00,20,,17.1,,83,,9,,9,,16.1,,101.16,,25,,,,NA
2017-09-16 23:00,2017,9,16,23:00,19.9,,16.8,,82,,8,,8,,16.1,,101.17,,,,,,NA
2017-09-17 0:00,2017,9,17,0:00,19.5,,16.9,,85,,8,,9,,16.1,,101.13,,,,,,NA
2017-09-17 1:00,2017,9,17,1:00,19.2,,17.1,,88,,7,,9,,16.1,,101.11,,,,,,NA
2017-09-17 2:00,2017,9,17,2:00,19.2,,17.5,,90,,7,,9,,16.1,,101.11,,,,,,NA
2017-09-17 3:00,2017,9,17,3:00,18.4,,17.3,,93,,,,0,,11.3,,101.14,,,,,,NA
2017-09-17 4:00,2017,9,17,4:00,17.2,,16.3,,94,,12,,4,,8.1,,101.1,,,,,,Fog
2017-09-17 5:00,2017,9,17,5:00,17.9,,16.3,,90,,8,,5,,16.1,,101.1,,,,,,NA
2017-09-17 6:00,2017,9,17,6:00,17.9,,16.5,,91,,7,,9,,16.1,,101.14,,,,,,NA
2017-09-17 7:00,2017,9,17,7:00,18.4,,16.6,,89,,,,0,,16.1,,101.19,,,,,,NA
2017-09-17 8:00,2017,9,17,8:00,19.5,,17.8,,90,,7,,13,,12.9,,101.18,,,,,,NA
2017-09-17 9:00,2017,9,17,9:00,19.9,,18.9,,94,,9,,13,,6.4,,101.17,,,,,,Fog
2017-09-17 10:00,2017,9,17,10:00,20.5,,18.8,,90,,9,,8,,9.7,,101.18,,27,,,,Fog
2017-09-17 11:00,2017,9,17,11:00,22.1,,19.1,,83,,10,,5,,12.9,,101.17,,29,,,,NA
2017-09-17 12:00,2017,9,17,12:00,22.4,,19.5,,83,,7,,9,,16.1,,101.1,,30,,,,NA
2017-09-17 13:00,2017,9,17,13:00,22.3,,19.3,,83,,7,,13,,16.1,,101.04,,29,,,,NA
2017-09-17 14:00,2017,9,17,14:00,22.5,,19.2,,82,,7,,15,,16.1,,101,,29,,,,NA
2017-09-17 15:00,2017,9,17,15:00,22.3,,18.9,,81,,8,,15,,16.1,,100.96,,29,,,,NA
2017-09-17 16:00,2017,9,17,16:00,22.3,,18.9,,81,,8,,17,,16.1,,100.92,,29,,,,NA
2017-09-17 17:00,2017,9,17,17:00,21.5,,18.7,,84,,7,,21,,16.1,,100.87,,28,,,,NA
2017-09-17 18:00,2017,9,17,18:00,21,,18.8,,87,,7,,18,,16.1,,100.87,,28,,,,NA
2017-09-17 19:00,2017,9,17,19:00,20.8,,19.1,,90,,7,,17,,16.1,,100.9,,28,,,,NA
2017-09-17 20:00,2017,9,17,20:00,20.7,,19.2,,91,,7,,15,,16.1,,100.93,,28,,,,NA
2017-09-17 21:00,2017,9,17,21:00,20.7,,19,,90,,7,,15,,16.1,,100.94,,27,,,,NA
2017-09-17 22:00,2017,9,17,22:00,20.6,,18.7,,89,,8,,9,,16.1,,100.96,,27,,,,NA
2017-09-17 23:00,2017,9,17,23:00,20.7,,18.9,,89,,8,,13,,16.1,,100.94,,27,,,,NA
2017-09-18 0:00,2017,9,18,0:00,20.2,,18.8,,92,,9,,8,,16.1,,100.91,,27,,,,NA
2017-09-18 1:00,2017,9,18,1:00,19.8,,18.7,,93,,8,,8,,11.3,,100.9,,,,,,NA
2017-09-18 2:00,2017,9,18,2:00,19.7,,18.9,,95,,8,,8,,4.8,,100.86,,,,,,Fog
2017-09-18 3:00,2017,9,18,3:00,18.7,,18.1,,96,,9,,4,,2.4,,100.83,,,,,,Fog
2017-09-18 4:00,2017,9,18,4:00,18.9,,18.3,,96,,,,0,,4.8,,100.86,,,,,,Fog
2017-09-18 5:00,2017,9,18,5:00,18.2,,17.7,,97,,30,,4,,4.8,,100.86,,,,,,Fog
2017-09-18 6:00,2017,9,18,6:00,18.7,,17.9,,95,,7,,9,,6.4,,100.9,,,,,,Fog
2017-09-18 7:00,2017,9,18,7:00,19.5,,18.2,,92,,8,,11,,8.1,,100.92,,,,,,Fog
2017-09-18 8:00,2017,9,18,8:00,20.6,,18.8,,89,,7,,11,,9.7,,100.91,,27,,,,Fog
2017-09-18 9:00,2017,9,18,9:00,21,,19.3,,90,,8,,13,,11.3,,100.92,,28,,,,NA
2017-09-18 10:00,2017,9,18,10:00,21.7,,19.6,,88,,7,,11,,12.9,,100.91,,29,,,,NA
2017-09-18 11:00,2017,9,18,11:00,22,,19.6,,86,,11,,5,,12.9,,100.94,,29,,,,NA
2017-09-18 12:00,2017,9,18,12:00,22.6,,19.2,,81,,10,,8,,16.1,,100.89,,30,,,,NA
2017-09-18 13:00,2017,9,18,13:00,23.1,,19,,77,,7,,8,,14.5,,100.85,,30,,,,NA
2017-09-18 14:00,2017,9,18,14:00,22.8,,18.7,,77,,7,,8,,16.1,,100.81,,29,,,,NA
2017-09-18 15:00,2017,9,18,15:00,23.5,,18.5,,73,,8,,9,,16.1,,100.77,,30,,,,NA
2017-09-18 16:00,2017,9,18,16:00,23.4,,18.9,,75,,8,,13,,16.1,,100.75,,30,,,,NA
2017-09-18 17:00,2017,9,18,17:00,22.6,,19,,80,,8,,15,,16.1,,100.74,,29,,,,NA
2017-09-18 18:00,2017,9,18,18:00,21.5,,19.6,,89,,7,,15,,16.1,,100.74,,29,,,,NA
2017-09-18 19:00,2017,9,18,19:00,21.5,,18.9,,85,,6,,17,,16.1,,100.76,,28,,,,NA
2017-09-18 20:00,2017,9,18,20:00,21.8,,18.3,,80,,7,,8,,16.1,,100.82,,28,,,,NA
2017-09-18 21:00,2017,9,18,21:00,21.5,,17.8,,79,,7,,8,,16.1,,100.78,,27,,,,NA
2017-09-18 22:00,2017,9,18,22:00,21.5,,18,,80,,8,,11,,16.1,,100.79,,28,,,,NA
2017-09-18 23:00,2017,9,18,23:00,21.2,,18.6,,85,,8,,9,,16.1,,100.77,,28,,,,NA
2017-09-19 0:00,2017,9,19,0:00,20.7,,18.7,,88,,,,0,,16.1,,100.77,,27,,,,NA
2017-09-19 1:00,2017,9,19,1:00,20.5,,18.7,,89,,,,0,,16.1,,100.73,,27,,,,NA
2017-09-19 2:00,2017,9,19,2:00,21.2,,18.5,,84,,5,,9,,16.1,,100.7,,28,,,,NA
2017-09-19 3:00,2017,9,19,3:00,20.8,,18.8,,88,,20,,4,,16.1,,100.7,,27,,,,NA
2017-09-19 4:00,2017,9,19,4:00,20.1,,18.8,,92,,,,0,,14.5,,100.71,,27,,,,NA
2017-09-19 5:00,2017,9,19,5:00,20.1,,18.7,,91,,32,,8,,16.1,,100.71,,27,,,,NA
2017-09-19 6:00,2017,9,19,6:00,19.4,,18.3,,93,,,,0,,12.9,,100.73,,,,,,NA
2017-09-19 7:00,2017,9,19,7:00,21.4,,19,,86,,5,,8,,16.1,,100.75,,28,,,,NA
2017-09-19 8:00,2017,9,19,8:00,21.4,,19.2,,87,,8,,8,,16.1,,100.79,,28,,,,NA
2017-09-19 9:00,2017,9,19,9:00,21.8,,19.3,,85,,10,,9,,16.1,,100.8,,29,,,,NA
2017-09-19 10:00,2017,9,19,10:00,23.1,,19.6,,81,,9,,13,,16.1,,100.78,,30,,,,NA
2017-09-19 11:00,2017,9,19,11:00,22.1,,19.8,,87,,9,,15,,14.5,,100.8,,30,,,,NA
2017-09-19 12:00,2017,9,19,12:00,22.3,,19.9,,86,,9,,13,,16.1,,100.75,,30,,,,NA
2017-09-19 13:00,2017,9,19,13:00,22.9,,20.1,,84,,8,,11,,11.3,,100.7,,31,,,,NA
2017-09-19 14:00,2017,9,19,14:00,23.5,,20,,81,,9,,11,,12.9,,100.65,,31,,,,NA
2017-09-19 15:00,2017,9,19,15:00,23,,20.3,,85,,7,,11,,16.1,,100.59,,31,,,,NA
2017-09-19 16:00,2017,9,19,16:00,22.6,,20.5,,88,,7,,13,,16.1,,100.58,,31,,,,NA
2017-09-19 17:00,2017,9,19,17:00,21.9,,20.2,,90,,8,,13,,16.1,,100.61,,30,,,,NA
2017-09-19 18:00,2017,9,19,18:00,21.8,,20.1,,90,,8,,15,,11.3,,100.61,,29,,,,NA
2017-09-19 19:00,2017,9,19,19:00,21.3,,20.1,,93,,8,,15,,11.3,,100.63,,29,,,,NA
2017-09-19 20:00,2017,9,19,20:00,21.1,,19.9,,93,,7,,15,,8.1,,100.69,,29,,,,Fog
2017-09-19 21:00,2017,9,19,21:00,21.2,,19.2,,88,,5,,18,,14.5,,100.66,,28,,,,NA
2017-09-19 22:00,2017,9,19,22:00,21.5,,18.5,,83,,7,,9,,16.1,,100.66,,28,,,,NA
2017-09-19 23:00,2017,9,19,23:00,21.5,,18.3,,82,,8,,5,,8.1,,100.66,,28,,,,Haze
2017-09-20 0:00,2017,9,20,0:00,21.4,,17.9,,80,,5,,8,,16.1,,100.66,,27,,,,NA
2017-09-20 1:00,2017,9,20,1:00,20.8,,17.6,,82,,6,,11,,12.9,,100.68,,27,,,,NA
2017-09-20 2:00,2017,9,20,2:00,20.4,,17.8,,85,,6,,13,,16.1,,100.65,,26,,,,NA
2017-09-20 3:00,2017,9,20,3:00,20.3,,17.6,,84,,5,,15,,16.1,,100.67,,26,,,,NA
2017-09-20 4:00,2017,9,20,4:00,20,,17.8,,87,,6,,15,,16.1,,100.68,,26,,,,NA
2017-09-20 5:00,2017,9,20,5:00,20.2,,18.5,,90,,6,,17,,16.1,,100.7,,27,,,,NA
2017-09-20 6:00,2017,9,20,6:00,19.8,,18.7,,93,,6,,17,,16.1,,100.72,,,,,,NA
2017-09-20 7:00,2017,9,20,7:00,20.3,,19,,92,,5,,17,,16.1,,100.78,,27,,,,NA
2017-09-20 8:00,2017,9,20,8:00,21,,19.2,,89,,6,,17,,16.1,,100.84,,28,,,,NA
2017-09-20 9:00,2017,9,20,9:00,21.9,,19,,83,,7,,13,,16.1,,100.86,,29,,,,NA
2017-09-20 10:00,2017,9,20,10:00,22.4,,19,,81,,9,,9,,16.1,,100.83,,29,,,,NA
2017-09-20 11:00,2017,9,20,11:00,22.4,,19.2,,82,,9,,15,,16.1,,100.84,,29,,,,NA
2017-09-20 12:00,2017,9,20,12:00,22.2,,18.9,,82,,9,,15,,16.1,,100.82,,29,,,,NA
2017-09-20 13:00,2017,9,20,13:00,22.4,,19.4,,83,,9,,13,,9.7,,100.8,,29,,,,Haze
2017-09-20 14:00,2017,9,20,14:00,22.2,,19.2,,83,,9,,17,,16.1,,100.74,,29,,,,NA
2017-09-20 15:00,2017,9,20,15:00,22,,19.7,,87,,6,,13,,14.5,,100.73,,29,,,,NA
2017-09-20 16:00,2017,9,20,16:00,22.2,,19.6,,85,,8,,11,,16.1,,100.73,,29,,,,NA
2017-09-20 17:00,2017,9,20,17:00,22.4,,18.6,,79,,7,,8,,16.1,,100.75,,29,,,,NA
2017-09-20 18:00,2017,9,20,18:00,22.2,,17.8,,76,,8,,11,,16.1,,100.74,,28,,,,NA
2017-09-20 19:00,2017,9,20,19:00,21.9,,16.9,,73,,8,,11,,16.1,,100.76,,27,,,,NA
2017-09-20 20:00,2017,9,20,20:00,21.6,,16.3,,72,,7,,11,,16.1,,100.78,,26,,,,NA
2017-09-20 21:00,2017,9,20,21:00,21.7,,15.9,,69,,7,,13,,16.1,,100.75,,26,,,,NA
2017-09-20 22:00,2017,9,20,22:00,21.4,,17.1,,76,,8,,11,,16.1,,100.79,,27,,,,NA
2017-09-20 23:00,2017,9,20,23:00,21.1,,17.6,,80,,7,,8,,16.1,,100.81,,27,,,,NA
2017-09-21 0:00,2017,9,21,0:00,20.6,,17.3,,81,,7,,8,,16.1,,100.81,,26,,,,NA
2017-09-21 1:00,2017,9,21,1:00,20.9,,17.8,,82,,7,,13,,16.1,,100.86,,27,,,,NA
2017-09-21 2:00,2017,9,21,2:00,20.4,,16.7,,79,,31,,5,,16.1,,100.94,,25,,,,NA
2017-09-21 3:00,2017,9,21,3:00,19.1,,16.4,,84,,,,0,,16.1,,100.98,,,,,,NA
2017-09-21 4:00,2017,9,21,4:00,19.2,,17,,87,,10,,4,,16.1,,101,,,,,,NA
2017-09-21 5:00,2017,9,21,5:00,18.1,,16.5,,90,,8,,5,,16.1,,100.99,,,,,,NA
2017-09-21 6:00,2017,9,21,6:00,19.6,,16.9,,84,,7,,9,,16.1,,101.02,,,,,,NA
2017-09-21 7:00,2017,9,21,7:00,20.5,,17.2,,81,,6,,11,,16.1,,101.04,,26,,,,NA
2017-09-21 8:00,2017,9,21,8:00,21.1,,17.5,,79,,7,,9,,16.1,,101.04,,27,,,,NA
2017-09-21 9:00,2017,9,21,9:00,22.6,,18.3,,76,,9,,8,,16.1,,101.09,,29,,,,NA
2017-09-21 10:00,2017,9,21,10:00,23.7,,17.6,,68,,8,,8,,16.1,,101.12,,29,,,,NA
2017-09-21 11:00,2017,9,21,11:00,23.5,,19.3,,77,,8,,15,,16.1,,101.09,,31,,,,NA
2017-09-21 12:00,2017,9,21,12:00,23.9,,19.8,,78,,9,,13,,16.1,,101.06,,31,,,,NA
2017-09-21 13:00,2017,9,21,13:00,23.4,,20,,81,,7,,13,,16.1,,101.05,,31,,,,NA
2017-09-21 14:00,2017,9,21,14:00,23.8,,19.6,,77,,8,,13,,16.1,,101.06,,31,,,,NA
2017-09-21 15:00,2017,9,21,15:00,24.5,,18.5,,69,,9,,15,,16.1,,101,,31,,,,NA
2017-09-21 16:00,2017,9,21,16:00,24.3,,17.8,,67,,8,,13,,16.1,,101,,30,,,,NA
2017-09-21 17:00,2017,9,21,17:00,23.6,,17.7,,69,,8,,13,,16.1,,101,,29,,,,NA
2017-09-21 18:00,2017,9,21,18:00,22.8,,17.3,,71,,8,,15,,16.1,,100.99,,28,,,,NA
2017-09-21 19:00,2017,9,21,19:00,22.2,,17.4,,74,,8,,15,,16.1,,101,,28,,,,NA
2017-09-21 20:00,2017,9,21,20:00,22,,17.9,,77,,7,,15,,16.1,,101.05,,28,,,,NA
2017-09-21 21:00,2017,9,21,21:00,21.5,,18,,80,,6,,11,,16.1,,101.08,,28,,,,NA
2017-09-21 22:00,2017,9,21,22:00,21.5,,18,,80,,7,,11,,16.1,,101.08,,28,,,,NA
2017-09-21 23:00,2017,9,21,23:00,21.1,,18.1,,83,,7,,11,,16.1,,101.07,,27,,,,NA
2017-09-22 0:00,2017,9,22,0:00,21,,18.1,,83,,6,,8,,16.1,,101.07,,27,,,,NA
2017-09-22 1:00,2017,9,22,1:00,21,,17.7,,81,,6,,11,,16.1,,101.07,,27,,,,NA
2017-09-22 2:00,2017,9,22,2:00,20.7,,17.9,,84,,7,,8,,16.1,,101.07,,27,,,,NA
2017-09-22 3:00,2017,9,22,3:00,20.1,,18.1,,88,,7,,8,,16.1,,101.06,,26,,,,NA
2017-09-22 4:00,2017,9,22,4:00,20.3,,17.7,,85,,5,,9,,16.1,,101.09,,26,,,,NA
2017-09-22 5:00,2017,9,22,5:00,20.1,,18.1,,88,,7,,8,,16.1,,101.12,,26,,,,NA
2017-09-22 6:00,2017,9,22,6:00,19.8,,18,,89,,6,,5,,16.1,,101.18,,,,,,NA
2017-09-22 7:00,2017,9,22,7:00,20.2,,18.4,,89,,8,,8,,12.9,,101.17,,27,,,,NA
2017-09-22 8:00,2017,9,22,8:00,21.5,,18.7,,84,,9,,9,,12.9,,101.2,,28,,,,NA
2017-09-22 9:00,2017,9,22,9:00,23.1,,18,,73,,9,,8,,16.1,,101.21,,29,,,,NA
2017-09-22 10:00,2017,9,22,10:00,23.8,,17.7,,68,,,M,8,,16.1,,101.2,,30,,,,NA
2017-09-22 11:00,2017,9,22,11:00,24.6,,17.7,,65,,13,,8,,9.7,,101.2,,30,,,,Haze
2017-09-22 12:00,2017,9,22,12:00,23.9,,17.9,,69,,11,,9,,12.9,,101.18,,30,,,,NA
2017-09-22 13:00,2017,9,22,13:00,23.8,,17,,65,,9,,11,,9.7,,101.13,,29,,,,Haze
2017-09-22 14:00,2017,9,22,14:00,24.1,,15,,56,,10,,11,,14.5,,101.1,,28,,,,NA
2017-09-22 15:00,2017,9,22,15:00,23.9,,15.3,,58,,8,,9,,16.1,,101.04,,28,,,,NA
2017-09-22 16:00,2017,9,22,16:00,23.7,,14.5,,56,,11,,5,,16.1,,101.01,,27,,,,NA
2017-09-22 17:00,2017,9,22,17:00,23,,15.1,,61,,12,,4,,16.1,,100.98,,27,,,,NA
2017-09-22 18:00,2017,9,22,18:00,22.4,,15.5,,65,,,,0,,16.1,,101,,27,,,,NA
2017-09-22 19:00,2017,9,22,19:00,20.7,,16.6,,77,,,,0,,16.1,,100.98,,26,,,,NA
2017-09-22 20:00,2017,9,22,20:00,20.8,,17.1,,79,,30,,4,,16.1,,100.95,,26,,,,NA
2017-09-22 21:00,2017,9,22,21:00,19.3,,16.4,,83,,,M,4,,16.1,,100.96,,,,,,NA
2017-09-22 22:00,2017,9,22,22:00,19.8,,16.5,,81,,,,0,,16.1,,101.01,,,,,,NA
2017-09-22 23:00,2017,9,22,23:00,18.8,,15.8,,83,,,M,4,,16.1,,100.95,,,,,,NA
2017-09-23 0:00,2017,9,23,0:00,18.8,,15.1,,79,,,M,4,,16.1,,100.92,,,,,,NA
2017-09-23 1:00,2017,9,23,1:00,19.3,,15.2,,77,,27,,5,,16.1,,100.94,,,,,,NA
2017-09-23 2:00,2017,9,23,2:00,19.3,,14,,71,,,M,4,,16.1,,100.84,,,,,,NA
2017-09-23 3:00,2017,9,23,3:00,18.6,,14.6,,78,,31,,5,,16.1,,100.87,,,,,,NA
2017-09-23 4:00,2017,9,23,4:00,19.2,,15.1,,77,,28,,5,,16.1,,100.89,,,,,,NA
2017-09-23 5:00,2017,9,23,5:00,19.3,,14.4,,73,,,M,4,,16.1,,100.94,,,,,,NA
2017-09-23 6:00,2017,9,23,6:00,18.1,,13.9,,76,,,,0,,16.1,,101,,,,,,NA
2017-09-23 7:00,2017,9,23,7:00,20.7,,15.1,,70,,26,,4,,16.1,,101.06,,25,,,,NA
2017-09-23 8:00,2017,9,23,8:00,21.8,,15,,65,,24,,8,,16.1,,101.1,,26,,,,NA
2017-09-23 9:00,2017,9,23,9:00,22.2,,16.6,,70,,22,,8,,16.1,,101.1,,27,,,,NA
2017-09-23 10:00,2017,9,23,10:00,23.1,,17.4,,70,,21,,9,,16.1,,101.11,,29,,,,NA
2017-09-23 11:00,2017,9,23,11:00,23.5,,18.7,,74,,20,,13,,16.1,,101.1,,30,,,,NA
2017-09-23 12:00,2017,9,23,12:00,24.6,,19.1,,71,,19,,11,,16.1,,101.09,,31,,,,NA
2017-09-23 13:00,2017,9,23,13:00,25,,18.6,,67,,21,,8,,16.1,,101.05,,31,,,,NA
2017-09-23 14:00,2017,9,23,14:00,26.6,,19.3,,64,,21,,8,,16.1,,100.98,,34,,,,NA
2017-09-23 15:00,2017,9,23,15:00,27,,19.2,,62,,19,,9,,16.1,,100.91,,34,,,,NA
2017-09-23 16:00,2017,9,23,16:00,26.9,,19.5,,64,,19,,8,,16.1,,100.89,,34,,,,NA
2017-09-23 17:00,2017,9,23,17:00,26.4,,19.4,,65,,,M,4,,16.1,,100.88,,33,,,,NA
2017-09-23 18:00,2017,9,23,18:00,26.7,,18.7,,61,,28,,5,,16.1,,100.88,,33,,,,NA
2017-09-23 19:00,2017,9,23,19:00,25.8,,19.1,,66,,26,,4,,16.1,,100.9,,33,,,,NA
2017-09-23 20:00,2017,9,23,20:00,23.8,,20.2,,80,,15,,4,,16.1,,100.92,,32,,,,NA
2017-09-23 21:00,2017,9,23,21:00,22.7,,20.8,,89,,,,0,,16.1,,100.92,,31,,,,NA
2017-09-23 22:00,2017,9,23,22:00,22.3,,21,,92,,25,,5,,12.9,,100.93,,31,,,,NA
2017-09-23 23:00,2017,9,23,23:00,25.9,,19.4,,67,,32,,5,,16.1,,100.94,,33,,,,NA
2017-09-24 0:00,2017,9,24,0:00,25.5,,19.8,,70,,33,,11,,16.1,,100.96,,33,,,,NA
2017-09-24 1:00,2017,9,24,1:00,24,,19.3,,75,,28,,5,,16.1,,100.98,,31,,,,NA
2017-09-24 2:00,2017,9,24,2:00,22.2,,19.9,,86,,24,,8,,16.1,,101.01,,30,,,,NA
2017-09-24 3:00,2017,9,24,3:00,21.8,,20.5,,92,,28,,5,,12.9,,101.04,,30,,,,NA
2017-09-24 4:00,2017,9,24,4:00,21.9,,20.1,,90,,25,,8,,16.1,,101.06,,30,,,,NA
2017-09-24 5:00,2017,9,24,5:00,21,,19.7,,92,,,M,4,,11.3,,101.1,,28,,,,NA
2017-09-24 6:00,2017,9,24,6:00,20.6,,19.5,,93,,,,0,,9.7,,101.13,,28,,,,Fog
2017-09-24 7:00,2017,9,24,7:00,21.5,,20.7,,95,,25,,4,,4.8,,101.17,,30,,,,Fog
2017-09-24 8:00,2017,9,24,8:00,23.3,,20.1,,82,,25,,8,,14.5,,101.2,,31,,,,NA
2017-09-24 9:00,2017,9,24,9:00,24.8,,20,,74,,23,,8,,16.1,,101.2,,32,,,,NA
2017-09-24 10:00,2017,9,24,10:00,25.6,,20.2,,72,,23,,9,,16.1,,101.17,,33,,,,NA
2017-09-24 11:00,2017,9,24,11:00,26.3,,21.2,,73,,21,,9,,16.1,,101.16,,35,,,,NA
2017-09-24 12:00,2017,9,24,12:00,26.9,,21,,70,,21,,9,,16.1,,101.11,,35,,,,NA
2017-09-24 13:00,2017,9,24,13:00,26.4,,21.8,,75,,23,,8,,16.1,,101.07,,36,,,,NA
2017-09-24 14:00,2017,9,24,14:00,27,,20.9,,69,,21,,8,,16.1,,101.02,,35,,,,NA
2017-09-24 15:00,2017,9,24,15:00,27.1,,21,,69,,24,,8,,16.1,,100.97,,36,,,,NA
2017-09-24 16:00,2017,9,24,16:00,27.5,,20.1,,63,,22,,5,,16.1,,100.91,,35,,,,NA
2017-09-24 17:00,2017,9,24,17:00,27.5,,19.8,,62,,,,0,,16.1,,100.9,,35,,,,NA
2017-09-24 18:00,2017,9,24,18:00,26.5,,20.1,,67,,,M,4,,16.1,,100.91,,34,,,,NA
2017-09-24 19:00,2017,9,24,19:00,24.6,,20.4,,77,,,,0,,16.1,,100.91,,33,,,,NA
2017-09-24 20:00,2017,9,24,20:00,25.1,,19.6,,71,,28,,4,,16.1,,100.93,,32,,,,NA
2017-09-24 21:00,2017,9,24,21:00,23.4,,19.8,,80,,,,0,,16.1,,100.97,,31,,,,NA
2017-09-24 22:00,2017,9,24,22:00,23.7,,19.7,,78,,29,,4,,16.1,,100.95,,31,,,,NA
2017-09-24 23:00,2017,9,24,23:00,23.5,,19.6,,78,,30,,4,,16.1,,100.95,,31,,,,NA
2017-09-25 0:00,2017,9,25,0:00,23,,20.4,,85,,,M,4,,16.1,,100.93,,31,,,,NA
2017-09-25 1:00,2017,9,25,1:00,22.6,,20.2,,86,,5,,5,,16.1,,100.92,,30,,,,NA
2017-09-25 2:00,2017,9,25,2:00,21.8,,20.1,,90,,,,0,,12.9,,100.9,,29,,,,NA
2017-09-25 3:00,2017,9,25,3:00,21.9,,20.7,,93,,,,0,,11.3,,100.87,,30,,,,NA
2017-09-25 4:00,2017,9,25,4:00,22,,19.6,,86,,12,,8,,16.1,,100.9,,29,,,,NA
2017-09-25 5:00,2017,9,25,5:00,22,,20.7,,92,,5,,4,,9.7,,100.91,,30,,,,Fog
2017-09-25 6:00,2017,9,25,6:00,20.8,,20,,95,,,,0,,6.4,,100.93,,28,,,,Fog
2017-09-25 7:00,2017,9,25,7:00,21.7,,20.7,,94,,,,0,,8.1,,100.96,,30,,,,Fog
2017-09-25 8:00,2017,9,25,8:00,24.6,,20.8,,79,,10,,4,,9.7,,100.97,,33,,,,Haze
2017-09-25 9:00,2017,9,25,9:00,26.2,,20.5,,70,,,,0,,9.7,,101,,34,,,,Haze
2017-09-25 10:00,2017,9,25,10:00,,,,,,,,,,,,,,,,,,,
2017-09-25 11:00,2017,9,25,11:00,,,,,,,,,,,,,,,,,,,
2017-09-25 12:00,2017,9,25,12:00,,,,,,,,,,,,,,,,,,,
2017-09-25 13:00,2017,9,25,13:00,,,,,,,,,,,,,,,,,,,
2017-09-25 14:00,2017,9,25,14:00,27.4,,22,,72,,7,,11,,16.1,,100.81,,37,,,,NA
2017-09-25 15:00,2017,9,25,15:00,26.9,,20.3,,67,,8,,15,,16.1,,100.75,,35,,,,NA
2017-09-25 16:00,2017,9,25,16:00,25.7,,21.5,,77,,8,,15,,16.1,,100.71,,35,,,,NA
2017-09-25 17:00,2017,9,25,17:00,25.4,,21.1,,77,,8,,15,,16.1,,100.69,,34,,,,Rain
2017-09-25 18:00,2017,9,25,18:00,25,,19.9,,73,,8,,15,,16.1,,100.67,,32,,,,NA
2017-09-25 19:00,2017,9,25,19:00,24.4,,20,,76,,8,,13,,16.1,,100.66,,32,,,,NA
2017-09-25 20:00,2017,9,25,20:00,24,,20.7,,81,,8,,13,,16.1,,100.67,,32,,,,NA
2017-09-25 21:00,2017,9,25,21:00,23.6,,20.8,,84,,8,,8,,16.1,,100.66,,32,,,,NA
2017-09-25 22:00,2017,9,25,22:00,23.6,,20.4,,82,,7,,5,,16.1,,100.65,,32,,,,NA
2017-09-25 23:00,2017,9,25,23:00,23.8,,20.1,,80,,8,,5,,16.1,,100.65,,31,,,,NA
2017-09-26 0:00,2017,9,26,0:00,24.4,,19.6,,74,,5,,8,,16.1,,100.63,,32,,,,NA
2017-09-26 1:00,2017,9,26,1:00,24.3,,20.1,,77,,7,,13,,16.1,,100.65,,32,,,,NA
2017-09-26 2:00,2017,9,26,2:00,23.6,,20.4,,82,,7,,11,,16.1,,100.62,,32,,,,NA
2017-09-26 3:00,2017,9,26,3:00,22.9,,19.9,,83,,7,,11,,16.1,,100.61,,30,,,,NA
2017-09-26 4:00,2017,9,26,4:00,23,,20.6,,86,,,,0,,14.5,,100.63,,31,,,,NA
2017-09-26 5:00,2017,9,26,5:00,22.5,,20.5,,88,,8,,5,,11.3,,100.61,,30,,,,NA
2017-09-26 6:00,2017,9,26,6:00,21.7,,20.2,,91,,7,,5,,8.1,,100.64,,29,,,,Fog
2017-09-26 7:00,2017,9,26,7:00,21.9,,20.4,,91,,,,0,,8.1,,100.67,,30,,,,Fog
2017-09-26 8:00,2017,9,26,8:00,23.9,,21.5,,86,,9,,5,,12.9,,100.66,,33,,,,NA
2017-09-26 9:00,2017,9,26,9:00,24.6,,21.8,,84,,19,,8,,14.5,,100.67,,34,,,,NA
2017-09-26 10:00,2017,9,26,10:00,,,,,,,,,,,,,,,,,,,
2017-09-26 11:00,2017,9,26,11:00,25.8,,21.9,,79,,12,,8,,,M,100.63,,35,,,,NA
2017-09-26 12:00,2017,9,26,12:00,27.4,,22.1,,72,,16,,8,,11.3,,100.6,,37,,,,NA
2017-09-26 13:00,2017,9,26,13:00,28.2,,21.2,,65,,12,,5,,14.5,,100.53,,37,,,,NA
2017-09-26 14:00,2017,9,26,14:00,27,,23,,78,,6,,11,,12.9,,100.48,,37,,,,NA
2017-09-26 15:00,2017,9,26,15:00,26.2,,22.6,,80,,7,,15,,16.1,,100.42,,36,,,,NA
2017-09-26 16:00,2017,9,26,16:00,26.4,,23,,81,,7,,15,,16.1,,100.37,,37,,,,NA
2017-09-26 17:00,2017,9,26,17:00,26.7,,21.7,,74,,10,,13,,14.5,,100.37,,36,,,,NA
2017-09-26 18:00,2017,9,26,18:00,26,,20,,69,,14,,9,,16.1,,100.36,,34,,,,NA
2017-09-26 19:00,2017,9,26,19:00,25.6,,20.3,,72,,17,,8,,16.1,,100.36,,33,,,,NA
2017-09-26 20:00,2017,9,26,20:00,25.5,,20,,71,,19,,9,,16.1,,100.37,,33,,,,NA
2017-09-26 21:00,2017,9,26,21:00,24.6,,20.2,,76,,24,,9,,16.1,,100.38,,32,,,,NA
2017-09-26 22:00,2017,9,26,22:00,23.2,,20.4,,84,,,,0,,16.1,,100.38,,31,,,,NA
2017-09-26 23:00,2017,9,26,23:00,23.5,,21.4,,88,,19,,5,,16.1,,100.34,,32,,,,NA
2017-09-27 0:00,2017,9,27,0:00,22.8,,20.9,,89,,22,,9,,16.1,,100.34,,31,,,,NA
2017-09-27 1:00,2017,9,27,1:00,23,,20.8,,87,,21,,11,,16.1,,100.33,,31,,,,NA
2017-09-27 2:00,2017,9,27,2:00,22.8,,20.4,,86,,21,,9,,16.1,,100.28,,31,,,,NA
2017-09-27 3:00,2017,9,27,3:00,22.5,,19.6,,84,,20,,5,,16.1,,100.25,,30,,,,NA
2017-09-27 4:00,2017,9,27,4:00,22.3,,18.5,,79,,22,,11,,16.1,,100.24,,29,,,,NA
2017-09-27 5:00,2017,9,27,5:00,22.1,,19.1,,83,,23,,8,,16.1,,100.22,,29,,,,NA
2017-09-27 6:00,2017,9,27,6:00,21.8,,18.8,,83,,24,,8,,16.1,,100.21,,28,,,,NA
2017-09-27 7:00,2017,9,27,7:00,22.6,,19.4,,82,,24,,9,,16.1,,100.19,,30,,,,NA
2017-09-27 8:00,2017,9,27,8:00,23.3,,19.1,,77,,23,,9,,16.1,,100.17,,30,,,,NA
2017-09-27 9:00,2017,9,27,9:00,24,,19.6,,76,,20,,11,,16.1,,100.15,,31,,,,NA
2017-09-27 10:00,2017,9,27,10:00,,,,,,,,,,,,,,,,,,,
2017-09-27 11:00,2017,9,27,11:00,,,,,,,,,,,,,,,,,,,
2017-09-27 12:00,2017,9,27,12:00,,,,,,,,,,,,,,,,,,,
2017-09-27 13:00,2017,9,27,13:00,27.9,,18.7,,57,,30,,28,,16.1,,100.06,,34,,,,NA
2017-09-27 14:00,2017,9,27,14:00,26,,18.5,,63,,30,,18,,16.1,,100.09,,32,,,,NA
2017-09-27 15:00,2017,9,27,15:00,24.3,,17.7,,66,,30,,32,,16.1,,100.15,,30,,,,NA
2017-09-27 16:00,2017,9,27,16:00,23.3,,15.2,,60,,30,,24,,16.1,,100.17,,27,,,,NA
2017-09-27 17:00,2017,9,27,17:00,22.2,,13.1,,56,,29,,30,,16.1,,100.25,,25,,,,NA
2017-09-27 18:00,2017,9,27,18:00,20.7,,11.2,,54,,30,,32,,16.1,,100.32,,,,,,NA
2017-09-27 19:00,2017,9,27,19:00,19.6,,10.7,,56,,32,,28,,16.1,,100.39,,,,,,NA
2017-09-27 20:00,2017,9,27,20:00,18.3,,9.5,,56,,31,,22,,16.1,,100.45,,,,,,NA
2017-09-27 21:00,2017,9,27,21:00,17.4,,10.1,,62,,28,,17,,16.1,,100.5,,,,,,NA
2017-09-27 22:00,2017,9,27,22:00,16.8,,9.7,,63,,29,,18,,16.1,,100.51,,,,,,NA
2017-09-27 23:00,2017,9,27,23:00,16.6,,9.8,,64,,30,,15,,16.1,,100.53,,,,,,NA
2017-09-28 0:00,2017,9,28,0:00,15.8,,7.9,,59,,32,,17,,16.1,,100.58,,,,,,NA
2017-09-28 1:00,2017,9,28,1:00,15.1,,7.8,,61,,32,,15,,16.1,,100.62,,,,,,NA
2017-09-28 2:00,2017,9,28,2:00,14.3,,7.2,,62,,31,,17,,16.1,,100.62,,,,,,NA
2017-09-28 3:00,2017,9,28,3:00,14,,6.9,,62,,29,,17,,16.1,,100.62,,,,,,NA
2017-09-28 4:00,2017,9,28,4:00,13.9,,6.5,,61,,29,,22,,16.1,,100.69,,,,,,NA
2017-09-28 5:00,2017,9,28,5:00,13.7,,7.1,,64,,29,,13,,16.1,,100.72,,,,,,NA
2017-09-28 6:00,2017,9,28,6:00,13.8,,7.3,,64,,30,,15,,16.1,,100.73,,,,,,NA
2017-09-28 7:00,2017,9,28,7:00,14,,7.6,,65,,28,,15,,16.1,,100.77,,,,,,NA
2017-09-28 8:00,2017,9,28,8:00,14.3,,7.5,,63,,30,,13,,16.1,,100.81,,,,,,NA
2017-09-28 9:00,2017,9,28,9:00,14.6,,7.3,,61,,31,,13,,16.1,,100.86,,,,,,NA
2017-09-28 10:00,2017,9,28,10:00,15,,6.4,,56,,33,,18,,16.1,,100.88,,,,,,NA
2017-09-28 11:00,2017,9,28,11:00,16.5,,6.9,,53,,29,,28,,16.1,,100.89,,,,,,NA
2017-09-28 12:00,2017,9,28,12:00,15.8,,6,,52,,33,,15,,16.1,,100.87,,,,,,NA
2017-09-28 13:00,2017,9,28,13:00,17.1,,6.2,,48,,34,,13,,16.1,,100.82,,,,,,NA
2017-09-28 14:00,2017,9,28,14:00,17.3,,6,,47,,31,,18,,16.1,,100.76,,,,,,NA
2017-09-28 15:00,2017,9,28,15:00,18.4,,6.2,,45,,34,,18,,16.1,,100.76,,,,,,NA
2017-09-28 16:00,2017,9,28,16:00,16.8,,5.5,,47,,33,,21,,16.1,,100.78,,,,,,NA
2017-09-28 17:00,2017,9,28,17:00,16.8,,4.9,,45,,33,,15,,16.1,,100.81,,,,,,NA
2017-09-28 18:00,2017,9,28,18:00,15.4,,5.1,,50,,35,,18,,16.1,,100.82,,,,,,NA
2017-09-28 19:00,2017,9,28,19:00,14.5,,5.6,,55,,33,,15,,16.1,,100.87,,,,,,NA
2017-09-28 20:00,2017,9,28,20:00,13.8,,5.5,,57,,35,,18,,16.1,,100.91,,,,,,NA
2017-09-28 21:00,2017,9,28,21:00,13.4,,5.1,,57,,35,,15,,16.1,,100.93,,,,,,NA
2017-09-28 22:00,2017,9,28,22:00,12.9,,4.6,,57,,35,,8,,16.1,,100.95,,,,,,NA
2017-09-28 23:00,2017,9,28,23:00,12.4,,5.1,,61,,32,,9,,16.1,,100.95,,,,,,NA
2017-09-29 0:00,2017,9,29,0:00,12,,5.5,,64,,31,,9,,16.1,,100.96,,,,,,NA
2017-09-29 1:00,2017,9,29,1:00,11.3,,5.4,,67,,3,,9,,16.1,,100.97,,,,,,NA
2017-09-29 2:00,2017,9,29,2:00,11.7,,4.2,,60,,33,,5,,16.1,,100.94,,,,,,NA
2017-09-29 3:00,2017,9,29,3:00,10.8,,3.5,,60,,4,,9,,16.1,,100.89,,,,,,NA
2017-09-29 4:00,2017,9,29,4:00,11.3,,4.4,,62,,7,,9,,16.1,,100.86,,,,,,NA
2017-09-29 5:00,2017,9,29,5:00,11.2,,3.3,,58,,7,,15,,16.1,,100.87,,,,,,NA
2017-09-29 6:00,2017,9,29,6:00,11.7,,4,,59,,8,,11,,16.1,,100.82,,,,,,NA
2017-09-29 7:00,2017,9,29,7:00,12.8,,6.7,,66,,7,,13,,16.1,,100.82,,,,,,NA
2017-09-29 8:00,2017,9,29,8:00,13.8,,7.2,,64,,11,,15,,16.1,,100.8,,,,,,NA
2017-09-29 9:00,2017,9,29,9:00,14,,9.3,,73,,15,,13,,16.1,,100.75,,,,,,Rain
2017-09-29 10:00,2017,9,29,10:00,14.1,,9.3,,73,,15,,18,,16.1,,100.65,,,,,,Rain
2017-09-29 11:00,2017,9,29,11:00,14,,11.9,,87,,16,,22,,6.4,,100.54,,,,,,"Rain,Fog"
2017-09-29 12:00,2017,9,29,12:00,16.4,,13,,80,,22,,26,,16.1,,100.46,,,,,,NA
2017-09-29 13:00,2017,9,29,13:00,17.7,,13.3,,75,,22,,15,,16.1,,100.34,,,,,,NA
2017-09-29 14:00,2017,9,29,14:00,17.8,,10.5,,62,,26,,17,,16.1,,100.29,,,,,,Thunderstorms
2017-09-29 15:00,2017,9,29,15:00,18.2,,9.3,,56,,28,,21,,16.1,,100.24,,,,,,NA
2017-09-29 16:00,2017,9,29,16:00,15.8,,6.9,,55,,28,,41,,16.1,,100.32,,,,,,NA
2017-09-29 17:00,2017,9,29,17:00,14.2,,6.7,,60,,28,,37,,16.1,,100.35,,,,,,NA
2017-09-29 18:00,2017,9,29,18:00,13,,7.1,,67,,28,,39,,16.1,,100.25,,,,,,NA
2017-09-29 19:00,2017,9,29,19:00,12.2,,8.8,,80,,32,,28,,16.1,,100.42,,,,,,NA
2017-09-29 20:00,2017,9,29,20:00,11.7,,7.8,,77,,36,,24,,16.1,,100.67,,,,,,NA
2017-09-29 21:00,2017,9,29,21:00,10.5,,7.8,,83,,36,,24,,14.5,,100.93,,,,,,Rain
2017-09-29 22:00,2017,9,29,22:00,10.7,,7.6,,81,,36,,17,,16.1,,101.07,,,,,,Rain
2017-09-29 23:00,2017,9,29,23:00,10.3,,6.5,,77,,35,,22,,16.1,,101.2,,,,,,Rain
2017-09-30 0:00,2017,9,30,0:00,9.9,,5.7,,75,,36,,18,,16.1,,101.29,,,,,,NA
2017-09-30 1:00,2017,9,30,1:00,10.4,,6.2,,75,,36,,18,,16.1,,101.39,,,,,,NA
2017-09-30 2:00,2017,9,30,2:00,10,,6.7,,80,,32,,13,,16.1,,101.43,,,,,,NA
2017-09-30 3:00,2017,9,30,3:00,9.9,,6.3,,78,,32,,17,,16.1,,101.51,,,,,,NA
2017-09-30 4:00,2017,9,30,4:00,8.9,,5.1,,77,,33,,15,,16.1,,101.58,,,,,,NA
2017-09-30 5:00,2017,9,30,5:00,8.3,,4.5,,77,,33,,13,,16.1,,101.66,,,,,,NA
2017-09-30 6:00,2017,9,30,6:00,7.7,,4.3,,79,,33,,11,,16.1,,101.76,,,,,,NA
2017-09-30 7:00,2017,9,30,7:00,7.7,,4.1,,78,,31,,11,,16.1,,101.84,,,,,,NA
2017-09-30 8:00,2017,9,30,8:00,9.4,,4.4,,71,,34,,13,,16.1,,101.9,,,,,,NA
2017-09-30 9:00,2017,9,30,9:00,10.8,,4.1,,63,,36,,13,,16.1,,101.98,,,,,,NA
2017-09-30 10:00,2017,9,30,10:00,12.1,,2.4,,51,,35,,17,,16.1,,102.02,,,,,,NA
2017-09-30 11:00,2017,9,30,11:00,12.8,,2.2,,48,,32,,13,,16.1,,102.07,,,,,,NA
2017-09-30 12:00,2017,9,30,12:00,13.6,,3.5,,50,,2,,8,,16.1,,102.07,,,,,,NA
2017-09-30 13:00,2017,9,30,13:00,14.5,,2.4,,44,,2,,9,,16.1,,102.03,,,,,,NA
2017-09-30 14:00,2017,9,30,14:00,14.7,,1.8,,41,,2,,13,,16.1,,102,,,,,,NA
2017-09-30 15:00,2017,9,30,15:00,14.6,,4,,49,,17,,13,,16.1,,101.96,,,,,,NA
2017-09-30 16:00,2017,9,30,16:00,13.6,,3.9,,52,,17,,13,,16.1,,101.93,,,,,,NA
2017-09-30 17:00,2017,9,30,17:00,13.2,,3.6,,52,,18,,9,,16.1,,101.93,,,,,,NA
2017-09-30 18:00,2017,9,30,18:00,12.4,,4.2,,57,,22,,8,,16.1,,101.97,,,,,,NA
2017-09-30 19:00,2017,9,30,19:00,11.9,,3.9,,58,,23,,8,,16.1,,101.99,,,,,,NA
2017-09-30 20:00,2017,9,30,20:00,11.2,,4.5,,63,,22,,4,,16.1,,102.04,,,,,,NA
2017-09-30 21:00,2017,9,30,21:00,10.6,,5.6,,71,,25,,5,,16.1,,102.05,,,,,,NA
2017-09-30 22:00,2017,9,30,22:00,11.3,,4.6,,63,,35,,5,,16.1,,102.05,,,,,,NA
2017-09-30 23:00,2017,9,30,23:00,10.6,,5,,68,,32,,8,,16.1,,102.04,,,,,,NA
